card_name_1,card_name_2,win_rate,game_count
Perigee Beckoner,Perigee Beckoner,0.6,4010
Kav Landseeker,Kav Landseeker,0.5887254901960784,4080
Kavaron Harrier,Kavaron Harrier,0.582529474812433,1866
Chorale of the Void,Chorale of the Void,0.5104063429137761,1009
Gravkill,Gravkill,0.5951898734177216,7900
Bombard,Bombard,0.5622457282343368,4916
Hullcarver,Hullcarver,0.5776143790849673,4896
Oreplate Pangolin,Oreplate Pangolin,0.5608856088560885,4065
Zero Point Ballad,Zero Point Ballad,0.5743964065131948,1781
Weftstalker Ardent,Weftstalker Ardent,0.5604467805519053,1522
Skystinger,Skystinger,0.5530932594644506,2166
Dauntless Scrapbot,Dauntless Scrapbot,0.5975717439293599,4530
Biosynthic Burst,Biosynthic Burst,0.5719864618588909,3841
Tragic Trajectory,Tragic Trajectory,0.5937012784533833,3207
Uthros Psionicist,Uthros Psionicist,0.6001137656427759,1758
"Dawnsire, Sunstar Dreadnought","Dawnsire, Sunstar Dreadnought",0.5109961190168176,773
Blooming Stinger,Blooming Stinger,0.5895596732416816,5019
Biomechan Engineer,Biomechan Engineer,0.630346232179226,1964
Monoist Circuit-Feeder,Monoist Circuit-Feeder,0.6030780243378668,2794
Wurmwall Sweeper,Wurmwall Sweeper,0.5717477656405164,4028
Susurian Voidborn,Susurian Voidborn,0.588209219858156,2256
Orbital Plunge,Orbital Plunge,0.5966312056737588,5640
Insatiable Skittermaw,Insatiable Skittermaw,0.5324790101634997,2263
Dubious Delicacy,Dubious Delicacy,0.6304019341190692,3309
Hylderblade,Hylderblade,0.572938689217759,1419
Requiem Monolith,Requiem Monolith,0.5910484365419988,1631
Melded Moxite,Melded Moxite,0.5833071854408535,3187
Virus Beetle,Virus Beetle,0.5852070088385797,6449
Comet Crawler,Comet Crawler,0.5722339675828048,2838
Emissary Escort,Emissary Escort,0.5728782287822878,1084
Station Monitor,Station Monitor,0.6146341463414634,1025
Voidforged Titan,Voidforged Titan,0.5637829912023461,2728
Command Bridge,Command Bridge,0.5599945085118067,7284
Mechan Navigator,Mechan Navigator,0.5687091017251636,1681
"Tezzeret, Cruel Captain","Tezzeret, Cruel Captain",0.5678610206297503,921
Beamsaw Prospector,Beamsaw Prospector,0.5724540901502504,5990
Vote Out,Vote Out,0.5718440954043048,3438
Unravel,Unravel,0.5336273428886439,907
Swarm Culler,Swarm Culler,0.5539528432732316,3605
Specimen Freighter,Specimen Freighter,0.5852348993288591,2235
Depressurize,Depressurize,0.5966173361522199,7095
Mechanozoa,Mechanozoa,0.5900621118012422,3864
Susurian Dirgecraft,Susurian Dirgecraft,0.592931392931393,2405
Cryogen Relic,Cryogen Relic,0.6058506543494996,5196
Consult the Star Charts,Consult the Star Charts,0.5905989385898408,1319
Harmonious Grovestrider,Harmonious Grovestrider,0.6081081081081081,2368
Weftblade Enhancer,Weftblade Enhancer,0.5606583488186886,3767
Hemosymbic Mite,Hemosymbic Mite,0.5596620908130939,947
Diplomatic Relations,Diplomatic Relations,0.584597035270063,5869
Close Encounter,Close Encounter,0.5766393442622951,2440
Knight Luminary,Knight Luminary,0.6043748821421837,5303
Rayblade Trooper,Rayblade Trooper,0.6097108969607117,2698
Atmospheric Greenhouse,Atmospheric Greenhouse,0.5442775763852926,1931
Focus Fire,Focus Fire,0.5952030296654744,4753
Starfighter Pilot,Starfighter Pilot,0.5831392640894271,4294
Drix Fatemaker,Drix Fatemaker,0.5665557404326124,4808
Edge Rover,Edge Rover,0.5933309169989126,2759
"Dyadrine, Synthesis Amalgam","Dyadrine, Synthesis Amalgam",0.5888412017167381,1165
Gene Pollinator,Gene Pollinator,0.5961805555555556,5760
Banishing Light,Banishing Light,0.6055891673869201,6942
Gravpack Monoist,Gravpack Monoist,0.5869717079986029,5726
Codecracker Hound,Codecracker Hound,0.6081189710610932,2488
Cerebral Download,Cerebral Download,0.570180229382851,1831
Cryoshatter,Cryoshatter,0.5781809501074242,4189
Eumidian Terrabotanist,Eumidian Terrabotanist,0.5898155573376103,2494
Starbreach Whale,Starbreach Whale,0.557034795763994,3305
Sami's Curiosity,Sami's Curiosity,0.5589179275561669,4362
Nutrient Block,Nutrient Block,0.5783333333333334,3600
Nebula Dragon,Nebula Dragon,0.5692369802180056,2477
"Xu-Ifit, Osteoharmonist","Xu-Ifit, Osteoharmonist",0.5556328233657858,1438
Hymn of the Faller,Hymn of the Faller,0.5478147987884033,2311
Anticausal Vestige,Anticausal Vestige,0.6370686312524234,2579
Decode Transmissions,Decode Transmissions,0.5686761963952766,3218
Elegy Acolyte,Elegy Acolyte,0.6829497416627525,2129
Cut Propulsion,Cut Propulsion,0.5885286783042394,2005
Pinnacle Kill-Ship,Pinnacle Kill-Ship,0.5854481443450198,6817
Umbral Collar Zealot,Umbral Collar Zealot,0.5968911917098445,2895
"Syr Vondam, the Lucent","Syr Vondam, the Lucent",0.6237244897959183,1568
Emergency Eject,Emergency Eject,0.5658536585365853,2050
"Sothera, the Supervoid","Sothera, the Supervoid",0.5825747724317295,769
Sunstar Expansionist,Sunstar Expansionist,0.5926902788244159,2654
Luxknight Breacher,Luxknight Breacher,0.542014742014742,2035
Dockworker Drone,Dockworker Drone,0.5708510208206994,4947
Lightstall Inquisitor,Lightstall Inquisitor,0.640527950310559,1288
Squire's Lightblade,Squire's Lightblade,0.5781094527363184,1005
Scout for Survivors,Scout for Survivors,0.5337186897880539,1038
Flight-Deck Coordinator,Flight-Deck Coordinator,0.573469387755102,1960
Exosuit Savior,Exosuit Savior,0.557524782216882,3329
Honor,Honor,0.5835884874464177,1633
Fell Gravship,Fell Gravship,0.6162613981762918,2632
Embrace Oblivion,Embrace Oblivion,0.5715684354807128,5107
All-Fates Stalker,All-Fates Stalker,0.6253396739130435,2944
"Adagia, Windswept Bastion","Adagia, Windswept Bastion",0.5541195476575121,619
Honored Knight-Captain,Honored Knight-Captain,0.582901554404145,2316
Seam Rip,Seam Rip,0.5626649076517151,1516
Singularity Rupture,Singularity Rupture,0.5899912203687445,1139
Mental Modulation,Mental Modulation,0.5524861878453039,1810
Secluded Starforge,Secluded Starforge,0.6049586776859505,1815
"Mm'menon, the Right Hand","Mm'menon, the Right Hand",0.5193519351935193,1111
Selfcraft Mechan,Selfcraft Mechan,0.5871436256051641,3718
Gigastorm Titan,Gigastorm Titan,0.5928210880538418,1783
Faller's Faithful,Faller's Faithful,0.6118279569892473,2790
Monoist Sentry,Monoist Sentry,0.5626373626373626,1365
"Syr Vondam, Sunstar Exemplar","Syr Vondam, Sunstar Exemplar",0.6326230712711242,1361
Radiant Strike,Radiant Strike,0.5872395833333334,4608
Survey Mechan,Survey Mechan,0.5805739514348786,1812
Hardlight Containment,Hardlight Containment,0.5006622516556292,755
Auxiliary Boosters,Auxiliary Boosters,0.5756999184561022,3679
Illvoi Galeblade,Illvoi Galeblade,0.5798319327731093,2618
Reroute Systems,Reroute Systems,0.5775095298602287,1574
Rescue Skiff,Rescue Skiff,0.5690335305719921,2028
Quantum Riddler,Quantum Riddler,0.6777668952007836,1021
Watery Grave,Watery Grave,0.595049504950495,1010
Desculpting Blast,Desculpting Blast,0.5801047120418849,1910
Dual-Sun Adepts,Dual-Sun Adepts,0.5850310008857396,2258
"Alpharael, Dreaming Acolyte","Alpharael, Dreaming Acolyte",0.600956937799043,1045
Lumen-Class Frigate,Lumen-Class Frigate,0.6100263852242744,1895
Germinating Wurm,Germinating Wurm,0.5895571711830799,4539
Illvoi Operative,Illvoi Operative,0.5887428101889893,2434
Icetill Explorer,Icetill Explorer,0.5435801312089972,1067
Eusocial Engineering,Eusocial Engineering,0.593594948128101,2217
Timeline Culler,Timeline Culler,0.5872501350621285,1851
Thawbringer,Thawbringer,0.5854449027695934,3394
Temporal Intervention,Temporal Intervention,0.5284090909090909,704
Lightless Evangel,Lightless Evangel,0.5514342235410484,2022
Seedship Impact,Seedship Impact,0.6066373840898,2049
Icecave Crasher,Icecave Crasher,0.5754285714285714,3500
Galactic Wayfarer,Galactic Wayfarer,0.6014281550568348,6862
Sledge-Class Seedship,Sledge-Class Seedship,0.5759209344115005,1113
Lost in Space,Lost in Space,0.5871526524720317,2771
Tractor Beam,Tractor Beam,0.6352112676056338,2130
Mechan Assembler,Mechan Assembler,0.5747295968534907,2034
Godless Shrine,Godless Shrine,0.602970297029703,1010
All-Fates Scroll,All-Fates Scroll,0.5848026868178001,2382
Cosmogrand Zenith,Cosmogrand Zenith,0.6764705882352942,1190
Starfield Vocalist,Starfield Vocalist,0.59375,1536
Mightform Harmonizer,Mightform Harmonizer,0.5880102040816326,1568
Territorial Bruntar,Territorial Bruntar,0.5778491171749599,1869
Extinguisher Battleship,Extinguisher Battleship,0.5722196585140747,2167
Possibility Technician,Possibility Technician,0.6102889358703312,1419
Zookeeper Mechan,Zookeeper Mechan,0.5784438775510204,4704
Terrapact Intimidator,Terrapact Intimidator,0.643348623853211,2616
Plasma Bolt,Plasma Bolt,0.5721834707250053,4731
Galvanizing Sawship,Galvanizing Sawship,0.5466045272969374,1502
Biotech Specialist,Biotech Specialist,0.616652211621856,1153
Lashwhip Predator,Lashwhip Predator,0.5762552792116378,2131
Vaultguard Trooper,Vaultguard Trooper,0.5752269779507133,1542
Slagdrill Scrapper,Slagdrill Scrapper,0.5680131904369332,2426
Dark Endurance,Dark Endurance,0.5351629502572899,583
Scrounge for Eternity,Scrounge for Eternity,0.5309126594700687,1019
"Tannuk, Memorial Ensign","Tannuk, Memorial Ensign",0.5790181573638198,1487
Bioengineered Future,Bioengineered Future,0.4504792332268371,626
Larval Scoutlander,Larval Scoutlander,0.5840933965705947,2741
Divert Disaster,Divert Disaster,0.5862919132149902,2028
Frenzied Baloth,Frenzied Baloth,0.5679733110925771,1199
Mouth of the Storm,Mouth of the Storm,0.6068470458310325,1811
Fungal Colossus,Fungal Colossus,0.5689590379556557,2661
Exalted Sunborn,Exalted Sunborn,0.5923236514522822,964
Starport Security,Starport Security,0.5872,2500
Mechan Shieldmate,Mechan Shieldmate,0.5602941176470588,2040
Starfield Shepherd,Starfield Shepherd,0.6052052785923754,2728
Brightspear Zealot,Brightspear Zealot,0.5753727222528989,1811
Gravblade Heavy,Gravblade Heavy,0.5470884255930984,1391
The Seriema,The Seriema,0.5939024390243902,820
Meltstrider Eulogist,Meltstrider Eulogist,0.5548209366391185,1815
Tapestry Warden,Tapestry Warden,0.5431164901664145,1322
Seedship Broodtender,Seedship Broodtender,0.5962360992301112,1169
Warmaker Gunship,Warmaker Gunship,0.6047711154094133,1551
Glacier Godmaw,Glacier Godmaw,0.6047904191616766,3006
Ouroboroid,Ouroboroid,0.6875,1184
Sunset Saboteur,Sunset Saboteur,0.623252391464312,1359
Thrumming Hivepool,Thrumming Hivepool,0.6065424806905951,2201
Synthesizer Labship,Synthesizer Labship,0.5941080196399345,1222
Entropic Battlecruiser,Entropic Battlecruiser,0.534763948497854,1165
Illvoi Infiltrator,Illvoi Infiltrator,0.5721179624664879,1865
Molecular Modifier,Molecular Modifier,0.5707102451288498,1591
Chrome Companion,Chrome Companion,0.5703125,2304
Mutinous Massacre,Mutinous Massacre,0.6185286103542235,1101
Intrepid Tenderfoot,Intrepid Tenderfoot,0.5602704593145256,4289
Memorial Team Leader,Memorial Team Leader,0.5718608169440242,1322
Blade of the Swarm,Blade of the Swarm,0.5827633378932968,731
Meltstrider's Resolve,Meltstrider's Resolve,0.609883487344315,2489
Rust Harvester,Rust Harvester,0.624394184168013,1238
Nova Hellkite,Nova Hellkite,0.6333961079723791,1593
Frontline War-Rager,Frontline War-Rager,0.5265604249667994,1506
Beyond the Quiet,Beyond the Quiet,0.6251748251748251,1430
Broodguard Elite,Broodguard Elite,0.5588487972508591,2328
Kavaron Skywarden,Kavaron Skywarden,0.5379120879120879,1820
Starwinder,Starwinder,0.5819672131147541,1342
Kavaron Turbodrone,Kavaron Turbodrone,0.5510370069133794,2459
Illvoi Light Jammer,Illvoi Light Jammer,0.5778443113772455,1670
Virulent Silencer,Virulent Silencer,0.535645472061657,519
Astelli Reclaimer,Astelli Reclaimer,0.582716049382716,1620
Debris Field Crusher,Debris Field Crusher,0.5458435207823961,1636
Pain for All,Pain for All,0.5736497545008183,1222
Invasive Maneuvers,Invasive Maneuvers,0.5831630568042501,2447
Steelswarm Operator,Steelswarm Operator,0.5499629903774982,1351
Pulsar Squadron Ace,Pulsar Squadron Ace,0.5684689236988378,1979
Dawnstrike Vanguard,Dawnstrike Vanguard,0.5593464680442095,2081
Wedgelight Rammer,Wedgelight Rammer,0.5624344176285414,1906
Nanoform Sentinel,Nanoform Sentinel,0.570958904109589,1825
Genemorph Imago,Genemorph Imago,0.6543396226415095,1325
Devastating Onslaught,Devastating Onslaught,0.5956454121306376,643
Cloudsculpt Technician,Cloudsculpt Technician,0.5557283566614827,1929
Red Tiger Mechan,Red Tiger Mechan,0.5217149220489977,1796
Lithobraking,Lithobraking,0.5569272976680384,729
Breeding Pool,Breeding Pool,0.585792349726776,915
Pinnacle Emissary,Pinnacle Emissary,0.5638406537282942,979
Stomping Ground,Stomping Ground,0.5535499398315282,831
"Sami, Ship's Engineer","Sami, Ship's Engineer",0.5274261603375527,948
Sunstar Chaplain,Sunstar Chaplain,0.6312576312576312,1638
Drill Too Deep,Drill Too Deep,0.5228365384615384,832
"Haliya, Guided by Light","Haliya, Guided by Light",0.6258023106546855,1558
Sunstar Lightsmith,Sunstar Lightsmith,0.6068162926018288,2406
Thaumaton Torpedo,Thaumaton Torpedo,0.5184782608695652,920
Interceptor Mechan,Interceptor Mechan,0.5972302365839585,1733
"Kavaron, Memorial World","Kavaron, Memorial World",0.5679245283018868,530
Uthros Scanship,Uthros Scanship,0.5684966649563878,1949
Seedship Agrarian,Seedship Agrarian,0.5937284631288766,2902
Archenemy's Charm,Archenemy's Charm,0.6014198782961461,986
Remnant Elemental,Remnant Elemental,0.5966785290628707,843
Shattered Wings,Shattered Wings,0.5339708102667338,1987
Pull Through the Weft,Pull Through the Weft,0.5072727272727273,550
"Susur Secundi, Void Altar","Susur Secundi, Void Altar",0.5935483870967742,620
"Haliya, Ascendant Cadet","Haliya, Ascendant Cadet",0.6022280471821756,1526
"Tannuk, Steadfast Second","Tannuk, Steadfast Second",0.5667244367417678,577
Terrasymbiosis,Terrasymbiosis,0.5,660
"Mm'menon, Uthros Exile","Mm'menon, Uthros Exile",0.5510835913312694,969
Annul,Annul,0.5225903614457831,664
The Endstone,The Endstone,0.5951690821256038,1035
Dual-Sun Technique,Dual-Sun Technique,0.536144578313253,830
Sacred Foundry,Sacred Foundry,0.5544554455445545,707
Weftwalking,Weftwalking,0.6058394160583942,548
Roving Actuator,Roving Actuator,0.521923620933522,707
Scour for Scrap,Scour for Scrap,0.5279429250891795,841
Systems Override,Systems Override,0.5769828926905132,643
Famished Worldsire,Famished Worldsire,0.5633116883116883,616
Bombard,Gravkill,0.5965909090909091,528
Gravkill,Bombard,0.5965909090909091,528
Bombard,Kav Landseeker,0.5786736020806242,769
Kav Landseeker,Bombard,0.5786736020806242,769
Bombard,Oreplate Pangolin,0.55,840
Oreplate Pangolin,Bombard,0.55,840
Gravkill,Hullcarver,0.6022052586938084,1179
Hullcarver,Gravkill,0.6022052586938084,1179
Gravkill,Perigee Beckoner,0.6260964912280702,912
Perigee Beckoner,Gravkill,0.6260964912280702,912
Hullcarver,Perigee Beckoner,0.6156968876860622,739
Perigee Beckoner,Hullcarver,0.6156968876860622,739
Kav Landseeker,Oreplate Pangolin,0.5863636363636363,660
Oreplate Pangolin,Kav Landseeker,0.5863636363636363,660
Biosynthic Burst,Blooming Stinger,0.5941605839416059,685
Blooming Stinger,Biosynthic Burst,0.5941605839416059,685
Dubious Delicacy,Gravkill,0.6483909415971395,839
Gravkill,Dubious Delicacy,0.6483909415971395,839
Dubious Delicacy,Hullcarver,0.6333333333333333,540
Hullcarver,Dubious Delicacy,0.6333333333333333,540
Gravkill,Susurian Voidborn,0.6204238921001927,519
Susurian Voidborn,Gravkill,0.6204238921001927,519
Hullcarver,Tragic Trajectory,0.5714285714285714,546
Tragic Trajectory,Hullcarver,0.5714285714285714,546
Bombard,Orbital Plunge,0.6036644165863067,1037
Orbital Plunge,Bombard,0.6036644165863067,1037
Bombard,Melded Moxite,0.6089466089466089,693
Melded Moxite,Bombard,0.6089466089466089,693
Gravkill,Tragic Trajectory,0.6186224489795918,784
Tragic Trajectory,Gravkill,0.6186224489795918,784
Kav Landseeker,Melded Moxite,0.5867346938775511,588
Melded Moxite,Kav Landseeker,0.5867346938775511,588
Melded Moxite,Oreplate Pangolin,0.5600578871201157,691
Oreplate Pangolin,Melded Moxite,0.5600578871201157,691
Comet Crawler,Hullcarver,0.5657370517928287,502
Hullcarver,Comet Crawler,0.5657370517928287,502
Comet Crawler,Virus Beetle,0.5821138211382114,615
Virus Beetle,Comet Crawler,0.5821138211382114,615
Hullcarver,Virus Beetle,0.5987202925045704,1094
Virus Beetle,Hullcarver,0.5987202925045704,1094
Perigee Beckoner,Virus Beetle,0.6254416961130742,849
Virus Beetle,Perigee Beckoner,0.6254416961130742,849
Beamsaw Prospector,Command Bridge,0.5884476534296029,831
Command Bridge,Beamsaw Prospector,0.5884476534296029,831
Beamsaw Prospector,Hullcarver,0.5762897914379802,911
Hullcarver,Beamsaw Prospector,0.5762897914379802,911
Beamsaw Prospector,Swarm Culler,0.5391414141414141,792
Swarm Culler,Beamsaw Prospector,0.5391414141414141,792
Beamsaw Prospector,Voidforged Titan,0.6057529610829103,591
Voidforged Titan,Beamsaw Prospector,0.6057529610829103,591
Beamsaw Prospector,Vote Out,0.5849858356940509,706
Vote Out,Beamsaw Prospector,0.5849858356940509,706
Command Bridge,Hullcarver,0.5623987034035657,617
Hullcarver,Command Bridge,0.5623987034035657,617
Command Bridge,Vote Out,0.6129666011787819,509
Vote Out,Command Bridge,0.6129666011787819,509
Hullcarver,Swarm Culler,0.5754716981132075,636
Swarm Culler,Hullcarver,0.5754716981132075,636
Hullcarver,Vote Out,0.5891089108910891,606
Vote Out,Hullcarver,0.5891089108910891,606
Beamsaw Prospector,Depressurize,0.5872218234027279,1393
Depressurize,Beamsaw Prospector,0.5872218234027279,1393
Beamsaw Prospector,Virus Beetle,0.5736122284794851,1243
Virus Beetle,Beamsaw Prospector,0.5736122284794851,1243
Command Bridge,Depressurize,0.5763888888888888,1008
Depressurize,Command Bridge,0.5763888888888888,1008
Command Bridge,Virus Beetle,0.5775462962962963,864
Virus Beetle,Command Bridge,0.5775462962962963,864
Depressurize,Swarm Culler,0.5843091334894613,854
Swarm Culler,Depressurize,0.5843091334894613,854
Depressurize,Virus Beetle,0.6223728813559322,1475
Virus Beetle,Depressurize,0.6223728813559322,1475
Depressurize,Voidforged Titan,0.5863095238095238,672
Voidforged Titan,Depressurize,0.5863095238095238,672
Depressurize,Vote Out,0.5788177339901478,812
Vote Out,Depressurize,0.5788177339901478,812
Swarm Culler,Virus Beetle,0.6017997750281214,889
Virus Beetle,Swarm Culler,0.6017997750281214,889
Virus Beetle,Voidforged Titan,0.5848434925864909,607
Voidforged Titan,Virus Beetle,0.5848434925864909,607
Virus Beetle,Vote Out,0.5935483870967742,775
Vote Out,Virus Beetle,0.5935483870967742,775
Beamsaw Prospector,Cryogen Relic,0.599609375,512
Cryogen Relic,Beamsaw Prospector,0.599609375,512
Beamsaw Prospector,Susurian Dirgecraft,0.588,500
Susurian Dirgecraft,Beamsaw Prospector,0.588,500
Command Bridge,Cryogen Relic,0.6295399515738499,826
Cryogen Relic,Command Bridge,0.6295399515738499,826
Command Bridge,Mechanozoa,0.5812133072407045,511
Mechanozoa,Command Bridge,0.5812133072407045,511
Cryogen Relic,Depressurize,0.6003236245954693,618
Depressurize,Cryogen Relic,0.6003236245954693,618
Cryogen Relic,Mechanozoa,0.6457905544147844,974
Mechanozoa,Cryogen Relic,0.6457905544147844,974
Cryogen Relic,Virus Beetle,0.6368421052631579,570
Virus Beetle,Cryogen Relic,0.6368421052631579,570
Depressurize,Susurian Dirgecraft,0.6487455197132617,558
Susurian Dirgecraft,Depressurize,0.6487455197132617,558
Susurian Dirgecraft,Virus Beetle,0.6378676470588235,544
Virus Beetle,Susurian Dirgecraft,0.6378676470588235,544
Blooming Stinger,Diplomatic Relations,0.6104868913857678,1068
Diplomatic Relations,Blooming Stinger,0.6104868913857678,1068
Close Encounter,Diplomatic Relations,0.5685920577617328,554
Diplomatic Relations,Close Encounter,0.5685920577617328,554
Knight Luminary,Rayblade Trooper,0.636650868878357,633
Rayblade Trooper,Knight Luminary,0.636650868878357,633
Knight Luminary,Weftblade Enhancer,0.5858725761772853,722
Weftblade Enhancer,Knight Luminary,0.5858725761772853,722
Focus Fire,Knight Luminary,0.6451953537486801,947
Knight Luminary,Focus Fire,0.6451953537486801,947
Focus Fire,Rayblade Trooper,0.6149425287356322,522
Rayblade Trooper,Focus Fire,0.6149425287356322,522
Diplomatic Relations,Drix Fatemaker,0.5946808510638298,940
Drix Fatemaker,Diplomatic Relations,0.5946808510638298,940
Diplomatic Relations,Edge Rover,0.594855305466238,622
Edge Rover,Diplomatic Relations,0.594855305466238,622
Banishing Light,Focus Fire,0.6222418358340689,1133
Focus Fire,Banishing Light,0.6222418358340689,1133
Banishing Light,Gene Pollinator,0.6417910447761194,603
Gene Pollinator,Banishing Light,0.6417910447761194,603
Banishing Light,Rayblade Trooper,0.638328530259366,694
Rayblade Trooper,Banishing Light,0.638328530259366,694
Codecracker Hound,Cryoshatter,0.5939278937381404,527
Cryoshatter,Codecracker Hound,0.5939278937381404,527
Gravpack Monoist,Monoist Circuit-Feeder,0.5922509225092251,542
Monoist Circuit-Feeder,Gravpack Monoist,0.5922509225092251,542
Beamsaw Prospector,Tragic Trajectory,0.610248447204969,644
Tragic Trajectory,Beamsaw Prospector,0.610248447204969,644
Depressurize,Tragic Trajectory,0.5953259532595326,813
Tragic Trajectory,Depressurize,0.5953259532595326,813
Dauntless Scrapbot,Depressurize,0.6295681063122923,602
Depressurize,Dauntless Scrapbot,0.6295681063122923,602
Depressurize,Gravpack Monoist,0.624048706240487,1314
Gravpack Monoist,Depressurize,0.624048706240487,1314
Depressurize,Monoist Circuit-Feeder,0.6140350877192983,684
Monoist Circuit-Feeder,Depressurize,0.6140350877192983,684
Mechanozoa,Starbreach Whale,0.5664335664335665,572
Starbreach Whale,Mechanozoa,0.5664335664335665,572
Biosynthic Burst,Sami's Curiosity,0.6070038910505836,514
Sami's Curiosity,Biosynthic Burst,0.6070038910505836,514
Blooming Stinger,Sami's Curiosity,0.5453277545327755,717
Sami's Curiosity,Blooming Stinger,0.5453277545327755,717
Cryoshatter,Mechanozoa,0.5929778933680104,769
Mechanozoa,Cryoshatter,0.5929778933680104,769
Cryoshatter,Starbreach Whale,0.5875370919881305,674
Starbreach Whale,Cryoshatter,0.5875370919881305,674
Depressurize,Hullcarver,0.6240601503759399,1064
Hullcarver,Depressurize,0.6240601503759399,1064
Depressurize,Nutrient Block,0.6407079646017699,565
Nutrient Block,Depressurize,0.6407079646017699,565
Depressurize,Perigee Beckoner,0.6147816349384099,893
Perigee Beckoner,Depressurize,0.6147816349384099,893
Depressurize,Susurian Voidborn,0.6261510128913443,543
Susurian Voidborn,Depressurize,0.6261510128913443,543
Command Bridge,Dauntless Scrapbot,0.5702341137123745,598
Dauntless Scrapbot,Command Bridge,0.5702341137123745,598
Command Bridge,Oreplate Pangolin,0.5429141716566867,501
Oreplate Pangolin,Command Bridge,0.5429141716566867,501
Decode Transmissions,Hullcarver,0.5973154362416108,596
Hullcarver,Decode Transmissions,0.5973154362416108,596
Decode Transmissions,Depressurize,0.600250626566416,798
Depressurize,Decode Transmissions,0.600250626566416,798
Depressurize,Elegy Acolyte,0.6871287128712872,505
Elegy Acolyte,Depressurize,0.6871287128712872,505
Depressurize,Hymn of the Faller,0.5592920353982301,565
Hymn of the Faller,Depressurize,0.5592920353982301,565
Dauntless Scrapbot,Pinnacle Kill-Ship,0.6438569206842923,643
Pinnacle Kill-Ship,Dauntless Scrapbot,0.6438569206842923,643
Depressurize,Pinnacle Kill-Ship,0.6207729468599034,828
Pinnacle Kill-Ship,Depressurize,0.6207729468599034,828
Depressurize,Insatiable Skittermaw,0.5549132947976878,519
Insatiable Skittermaw,Depressurize,0.5549132947976878,519
Hullcarver,Pinnacle Kill-Ship,0.6090373280943026,509
Pinnacle Kill-Ship,Hullcarver,0.6090373280943026,509
Susurian Voidborn,Virus Beetle,0.5733333333333334,525
Virus Beetle,Susurian Voidborn,0.5733333333333334,525
Umbral Collar Zealot,Virus Beetle,0.5790297339593115,639
Virus Beetle,Umbral Collar Zealot,0.5790297339593115,639
Dockworker Drone,Starfighter Pilot,0.5564738292011019,726
Starfighter Pilot,Dockworker Drone,0.5564738292011019,726
Dockworker Drone,Sunstar Expansionist,0.62109375,512
Sunstar Expansionist,Dockworker Drone,0.62109375,512
Dockworker Drone,Exosuit Savior,0.5283582089552239,670
Exosuit Savior,Dockworker Drone,0.5283582089552239,670
Exosuit Savior,Starfighter Pilot,0.5903614457831325,581
Starfighter Pilot,Exosuit Savior,0.5903614457831325,581
Dubious Delicacy,Virus Beetle,0.632051282051282,780
Virus Beetle,Dubious Delicacy,0.632051282051282,780
Fell Gravship,Virus Beetle,0.604982206405694,562
Virus Beetle,Fell Gravship,0.604982206405694,562
Nutrient Block,Virus Beetle,0.5957446808510638,517
Virus Beetle,Nutrient Block,0.5957446808510638,517
All-Fates Stalker,Banishing Light,0.6679586563307494,774
Banishing Light,All-Fates Stalker,0.6679586563307494,774
Banishing Light,Beamsaw Prospector,0.5919854280510018,549
Beamsaw Prospector,Banishing Light,0.5919854280510018,549
Banishing Light,Depressurize,0.587183308494784,671
Depressurize,Banishing Light,0.587183308494784,671
Banishing Light,Honored Knight-Captain,0.6348314606741573,534
Honored Knight-Captain,Banishing Light,0.6348314606741573,534
Beamsaw Prospector,Embrace Oblivion,0.5887573964497042,1014
Embrace Oblivion,Beamsaw Prospector,0.5887573964497042,1014
Beamsaw Prospector,Umbral Collar Zealot,0.5802098950524738,667
Umbral Collar Zealot,Beamsaw Prospector,0.5802098950524738,667
Depressurize,Embrace Oblivion,0.6160714285714286,1120
Embrace Oblivion,Depressurize,0.6160714285714286,1120
Depressurize,Umbral Collar Zealot,0.6258064516129033,620
Umbral Collar Zealot,Depressurize,0.6258064516129033,620
Embrace Oblivion,Umbral Collar Zealot,0.5904255319148937,564
Umbral Collar Zealot,Embrace Oblivion,0.5904255319148937,564
Cryogen Relic,Gravkill,0.6389261744966444,745
Gravkill,Cryogen Relic,0.6389261744966444,745
Cryoshatter,Gravkill,0.6214689265536724,531
Gravkill,Cryoshatter,0.6214689265536724,531
Cryoshatter,Selfcraft Mechan,0.6040268456375839,745
Selfcraft Mechan,Cryoshatter,0.6040268456375839,745
Decode Transmissions,Gravkill,0.6207349081364829,762
Gravkill,Decode Transmissions,0.6207349081364829,762
Faller's Faithful,Gravkill,0.6103151862464183,698
Gravkill,Faller's Faithful,0.6103151862464183,698
Gravkill,Insatiable Skittermaw,0.59375,544
Insatiable Skittermaw,Gravkill,0.59375,544
Decode Transmissions,Embrace Oblivion,0.5938037865748709,581
Embrace Oblivion,Decode Transmissions,0.5938037865748709,581
Decode Transmissions,Virus Beetle,0.5753920386007237,829
Virus Beetle,Decode Transmissions,0.5753920386007237,829
Depressurize,Dubious Delicacy,0.6404639175257731,776
Dubious Delicacy,Depressurize,0.6404639175257731,776
Depressurize,Fell Gravship,0.6622073578595318,598
Fell Gravship,Depressurize,0.6622073578595318,598
Dubious Delicacy,Embrace Oblivion,0.648854961832061,524
Embrace Oblivion,Dubious Delicacy,0.648854961832061,524
Embrace Oblivion,Nutrient Block,0.621832358674464,513
Nutrient Block,Embrace Oblivion,0.621832358674464,513
Embrace Oblivion,Virus Beetle,0.6008298755186722,1205
Virus Beetle,Embrace Oblivion,0.6008298755186722,1205
Command Bridge,Dockworker Drone,0.5285714285714286,560
Dockworker Drone,Command Bridge,0.5285714285714286,560
Command Bridge,Radiant Strike,0.5801652892561984,605
Radiant Strike,Command Bridge,0.5801652892561984,605
Depressurize,Radiant Strike,0.632,500
Radiant Strike,Depressurize,0.632,500
Dockworker Drone,Radiant Strike,0.5797933409873708,871
Radiant Strike,Dockworker Drone,0.5797933409873708,871
Exosuit Savior,Radiant Strike,0.5827814569536424,604
Radiant Strike,Exosuit Savior,0.5827814569536424,604
Auxiliary Boosters,Radiant Strike,0.6091772151898734,632
Radiant Strike,Auxiliary Boosters,0.6091772151898734,632
Banishing Light,Exosuit Savior,0.6072289156626506,830
Exosuit Savior,Banishing Light,0.6072289156626506,830
Banishing Light,Rescue Skiff,0.629126213592233,515
Rescue Skiff,Banishing Light,0.629126213592233,515
Banishing Light,Sunstar Expansionist,0.6135693215339233,678
Sunstar Expansionist,Banishing Light,0.6135693215339233,678
Illvoi Galeblade,Mechanozoa,0.6120857699805068,513
Mechanozoa,Illvoi Galeblade,0.6120857699805068,513
Banishing Light,Dual-Sun Adepts,0.609009009009009,555
Dual-Sun Adepts,Banishing Light,0.609009009009009,555
Banishing Light,Radiant Strike,0.6144688644688645,1092
Radiant Strike,Banishing Light,0.6144688644688645,1092
Cryoshatter,Illvoi Galeblade,0.5641025641025641,546
Illvoi Galeblade,Cryoshatter,0.5641025641025641,546
Drix Fatemaker,Germinating Wurm,0.5612535612535613,702
Germinating Wurm,Drix Fatemaker,0.5612535612535613,702
Pinnacle Kill-Ship,Virus Beetle,0.6273115220483642,703
Virus Beetle,Pinnacle Kill-Ship,0.6273115220483642,703
Hymn of the Faller,Virus Beetle,0.5903010033444817,598
Virus Beetle,Hymn of the Faller,0.5903010033444817,598
Biosynthic Burst,Diplomatic Relations,0.5859473023839398,797
Diplomatic Relations,Biosynthic Burst,0.5859473023839398,797
Diplomatic Relations,Sami's Curiosity,0.5857307249712314,869
Sami's Curiosity,Diplomatic Relations,0.5857307249712314,869
Diplomatic Relations,Thawbringer,0.6122177954847278,753
Thawbringer,Diplomatic Relations,0.6122177954847278,753
Diplomatic Relations,Pinnacle Kill-Ship,0.6031537450722734,761
Pinnacle Kill-Ship,Diplomatic Relations,0.6031537450722734,761
Auxiliary Boosters,Knight Luminary,0.5930555555555556,720
Knight Luminary,Auxiliary Boosters,0.5930555555555556,720
Fell Gravship,Gravkill,0.6868512110726643,578
Gravkill,Fell Gravship,0.6868512110726643,578
Gravkill,Knight Luminary,0.6305841924398625,582
Knight Luminary,Gravkill,0.6305841924398625,582
Gravkill,Lightless Evangel,0.5893909626719057,509
Lightless Evangel,Gravkill,0.5893909626719057,509
Knight Luminary,Sunstar Expansionist,0.5849056603773585,583
Sunstar Expansionist,Knight Luminary,0.5849056603773585,583
Auxiliary Boosters,Dockworker Drone,0.5761316872427984,729
Dockworker Drone,Auxiliary Boosters,0.5761316872427984,729
Dockworker Drone,Gravkill,0.5826923076923077,520
Gravkill,Dockworker Drone,0.5826923076923077,520
Dockworker Drone,Knight Luminary,0.6032553407934893,983
Knight Luminary,Dockworker Drone,0.6032553407934893,983
Dockworker Drone,Weftblade Enhancer,0.5712418300653594,765
Weftblade Enhancer,Dockworker Drone,0.5712418300653594,765
Beamsaw Prospector,Fell Gravship,0.6323268206039077,563
Fell Gravship,Beamsaw Prospector,0.6323268206039077,563
Dauntless Scrapbot,Virus Beetle,0.6078799249530957,533
Virus Beetle,Dauntless Scrapbot,0.6078799249530957,533
Depressurize,Knight Luminary,0.6630434782608695,552
Knight Luminary,Depressurize,0.6630434782608695,552
Dockworker Drone,Honored Knight-Captain,0.5862708719851577,539
Honored Knight-Captain,Dockworker Drone,0.5862708719851577,539
Cryoshatter,Pinnacle Kill-Ship,0.582010582010582,567
Pinnacle Kill-Ship,Cryoshatter,0.582010582010582,567
Drix Fatemaker,Pinnacle Kill-Ship,0.5671140939597316,596
Pinnacle Kill-Ship,Drix Fatemaker,0.5671140939597316,596
Command Bridge,Cryoshatter,0.5780254777070064,628
Cryoshatter,Command Bridge,0.5780254777070064,628
Command Bridge,Galactic Wayfarer,0.6072144288577155,998
Galactic Wayfarer,Command Bridge,0.6072144288577155,998
Command Bridge,Pinnacle Kill-Ship,0.5884353741496599,882
Pinnacle Kill-Ship,Command Bridge,0.5884353741496599,882
Galactic Wayfarer,Icecave Crasher,0.5909677419354838,775
Icecave Crasher,Galactic Wayfarer,0.5909677419354838,775
Galactic Wayfarer,Pinnacle Kill-Ship,0.6371490280777538,926
Pinnacle Kill-Ship,Galactic Wayfarer,0.6371490280777538,926
Galactic Wayfarer,Thawbringer,0.6049723756906077,724
Thawbringer,Galactic Wayfarer,0.6049723756906077,724
Blooming Stinger,Command Bridge,0.5915697674418605,688
Command Bridge,Blooming Stinger,0.5915697674418605,688
Blooming Stinger,Icecave Crasher,0.5791190864600326,613
Icecave Crasher,Blooming Stinger,0.5791190864600326,613
Blooming Stinger,Drix Fatemaker,0.6007462686567164,804
Drix Fatemaker,Blooming Stinger,0.6007462686567164,804
Blooming Stinger,Edge Rover,0.6295585412667947,521
Edge Rover,Blooming Stinger,0.6295585412667947,521
Blooming Stinger,Galactic Wayfarer,0.6048738033072236,1149
Galactic Wayfarer,Blooming Stinger,0.6048738033072236,1149
Blooming Stinger,Germinating Wurm,0.603267211201867,857
Germinating Wurm,Blooming Stinger,0.603267211201867,857
Blooming Stinger,Pinnacle Kill-Ship,0.6164817749603804,631
Pinnacle Kill-Ship,Blooming Stinger,0.6164817749603804,631
Cryoshatter,Lost in Space,0.5795454545454546,528
Lost in Space,Cryoshatter,0.5795454545454546,528
Drix Fatemaker,Galactic Wayfarer,0.6046099290780141,1128
Galactic Wayfarer,Drix Fatemaker,0.6046099290780141,1128
Edge Rover,Galactic Wayfarer,0.586053412462908,674
Galactic Wayfarer,Edge Rover,0.586053412462908,674
Galactic Wayfarer,Germinating Wurm,0.6145930776426567,1069
Germinating Wurm,Galactic Wayfarer,0.6145930776426567,1069
Galactic Wayfarer,Harmonious Grovestrider,0.6116322701688556,533
Harmonious Grovestrider,Galactic Wayfarer,0.6116322701688556,533
Germinating Wurm,Icecave Crasher,0.5648,625
Icecave Crasher,Germinating Wurm,0.5648,625
Germinating Wurm,Pinnacle Kill-Ship,0.6274509803921569,612
Pinnacle Kill-Ship,Germinating Wurm,0.6274509803921569,612
Command Bridge,Drix Fatemaker,0.5419354838709678,620
Drix Fatemaker,Command Bridge,0.5419354838709678,620
Blooming Stinger,Thawbringer,0.6113902847571189,597
Thawbringer,Blooming Stinger,0.6113902847571189,597
Command Bridge,Germinating Wurm,0.5823529411764706,680
Germinating Wurm,Command Bridge,0.5823529411764706,680
Drix Fatemaker,Thawbringer,0.5569176882661997,571
Thawbringer,Drix Fatemaker,0.5569176882661997,571
Germinating Wurm,Thawbringer,0.5833333333333334,600
Thawbringer,Germinating Wurm,0.5833333333333334,600
Beamsaw Prospector,Gravkill,0.601568068424804,1403
Gravkill,Beamsaw Prospector,0.601568068424804,1403
Beamsaw Prospector,Gravpack Monoist,0.5949263502454992,1222
Gravpack Monoist,Beamsaw Prospector,0.5949263502454992,1222
Beamsaw Prospector,Hymn of the Faller,0.5674603174603174,504
Hymn of the Faller,Beamsaw Prospector,0.5674603174603174,504
Beamsaw Prospector,Pinnacle Kill-Ship,0.6427457098283932,641
Pinnacle Kill-Ship,Beamsaw Prospector,0.6427457098283932,641
Command Bridge,Gravkill,0.5854838709677419,1240
Gravkill,Command Bridge,0.5854838709677419,1240
Command Bridge,Gravpack Monoist,0.5833333333333334,732
Gravpack Monoist,Command Bridge,0.5833333333333334,732
Gravkill,Gravpack Monoist,0.6164285714285714,1400
Gravpack Monoist,Gravkill,0.6164285714285714,1400
Gravkill,Hymn of the Faller,0.5879629629629629,648
Hymn of the Faller,Gravkill,0.5879629629629629,648
Gravkill,Pinnacle Kill-Ship,0.6321353065539113,946
Pinnacle Kill-Ship,Gravkill,0.6321353065539113,946
Gravkill,Virus Beetle,0.6073001887979862,1589
Virus Beetle,Gravkill,0.6073001887979862,1589
Gravpack Monoist,Hymn of the Faller,0.558,500
Hymn of the Faller,Gravpack Monoist,0.558,500
Gravpack Monoist,Pinnacle Kill-Ship,0.6172106824925816,674
Pinnacle Kill-Ship,Gravpack Monoist,0.6172106824925816,674
Gravpack Monoist,Virus Beetle,0.6054054054054054,1295
Virus Beetle,Gravpack Monoist,0.6054054054054054,1295
All-Fates Scroll,Command Bridge,0.6198501872659176,534
Command Bridge,All-Fates Scroll,0.6198501872659176,534
Cryogen Relic,Gravpack Monoist,0.6363636363636364,550
Gravpack Monoist,Cryogen Relic,0.6363636363636364,550
Cryogen Relic,Mechan Assembler,0.6234458259325044,563
Mechan Assembler,Cryogen Relic,0.6234458259325044,563
Cryogen Relic,Pinnacle Kill-Ship,0.643646408839779,724
Pinnacle Kill-Ship,Cryogen Relic,0.643646408839779,724
Codecracker Hound,Cryogen Relic,0.6637037037037037,675
Cryogen Relic,Codecracker Hound,0.6637037037037037,675
Gene Pollinator,Sami's Curiosity,0.5698324022346368,895
Sami's Curiosity,Gene Pollinator,0.5698324022346368,895
Germinating Wurm,Sami's Curiosity,0.5773809523809523,672
Sami's Curiosity,Germinating Wurm,0.5773809523809523,672
Plasma Bolt,Zookeeper Mechan,0.5672981056829511,1003
Zookeeper Mechan,Plasma Bolt,0.5672981056829511,1003
Terrapact Intimidator,Zookeeper Mechan,0.645224171539961,513
Zookeeper Mechan,Terrapact Intimidator,0.645224171539961,513
Bombard,Galactic Wayfarer,0.5881188118811881,505
Galactic Wayfarer,Bombard,0.5881188118811881,505
Bombard,Terrapact Intimidator,0.642023346303502,514
Terrapact Intimidator,Bombard,0.642023346303502,514
Galactic Wayfarer,Gene Pollinator,0.6196549137284321,1333
Gene Pollinator,Galactic Wayfarer,0.6196549137284321,1333
Galactic Wayfarer,Sami's Curiosity,0.5715695952615992,1013
Sami's Curiosity,Galactic Wayfarer,0.5715695952615992,1013
Bombard,Zookeeper Mechan,0.5894854586129754,894
Zookeeper Mechan,Bombard,0.5894854586129754,894
Galactic Wayfarer,Gravkill,0.6382428940568475,774
Gravkill,Galactic Wayfarer,0.6382428940568475,774
Galactic Wayfarer,Lashwhip Predator,0.5959933222036727,599
Lashwhip Predator,Galactic Wayfarer,0.5959933222036727,599
Gene Pollinator,Gravkill,0.6211656441717791,652
Gravkill,Gene Pollinator,0.6211656441717791,652
Gravkill,Sami's Curiosity,0.6078066914498141,538
Sami's Curiosity,Gravkill,0.6078066914498141,538
Beamsaw Prospector,Comet Crawler,0.5979381443298969,582
Comet Crawler,Beamsaw Prospector,0.5979381443298969,582
Bombard,Pinnacle Kill-Ship,0.5807504078303426,613
Pinnacle Kill-Ship,Bombard,0.5807504078303426,613
Comet Crawler,Depressurize,0.5792988313856428,599
Depressurize,Comet Crawler,0.5792988313856428,599
Comet Crawler,Gravkill,0.649645390070922,705
Gravkill,Comet Crawler,0.649645390070922,705
Depressurize,Gravkill,0.6343061346039309,1679
Gravkill,Depressurize,0.6343061346039309,1679
Comet Crawler,Embrace Oblivion,0.5872093023255814,516
Embrace Oblivion,Comet Crawler,0.5872093023255814,516
Embrace Oblivion,Gravkill,0.5848214285714286,1120
Gravkill,Embrace Oblivion,0.5848214285714286,1120
Gravpack Monoist,Tragic Trajectory,0.608214849921011,633
Tragic Trajectory,Gravpack Monoist,0.608214849921011,633
Pinnacle Kill-Ship,Plasma Bolt,0.5926605504587156,545
Plasma Bolt,Pinnacle Kill-Ship,0.5926605504587156,545
Fell Gravship,Gravpack Monoist,0.6162570888468809,529
Gravpack Monoist,Fell Gravship,0.6162570888468809,529
Gravpack Monoist,Vote Out,0.6454005934718101,674
Vote Out,Gravpack Monoist,0.6454005934718101,674
Embrace Oblivion,Vote Out,0.5697211155378487,502
Vote Out,Embrace Oblivion,0.5697211155378487,502
Kav Landseeker,Plasma Bolt,0.6317103620474407,801
Plasma Bolt,Kav Landseeker,0.6317103620474407,801
Tragic Trajectory,Virus Beetle,0.6148738379814077,753
Virus Beetle,Tragic Trajectory,0.6148738379814077,753
Gravkill,Vote Out,0.5758706467661692,804
Vote Out,Gravkill,0.5758706467661692,804
Embrace Oblivion,Gravpack Monoist,0.578268876611418,1086
Gravpack Monoist,Embrace Oblivion,0.578268876611418,1086
Diplomatic Relations,Galactic Wayfarer,0.6283249460819554,1391
Galactic Wayfarer,Diplomatic Relations,0.6283249460819554,1391
Diplomatic Relations,Larval Scoutlander,0.6003344481605352,598
Larval Scoutlander,Diplomatic Relations,0.6003344481605352,598
Galactic Wayfarer,Larval Scoutlander,0.6150568181818182,704
Larval Scoutlander,Galactic Wayfarer,0.6150568181818182,704
Cryogen Relic,Dauntless Scrapbot,0.6231617647058824,544
Dauntless Scrapbot,Cryogen Relic,0.6231617647058824,544
Cryogen Relic,Illvoi Galeblade,0.6108726752503576,699
Illvoi Galeblade,Cryogen Relic,0.6108726752503576,699
Cerebral Download,Cryogen Relic,0.6080305927342257,523
Cryogen Relic,Cerebral Download,0.6080305927342257,523
Eusocial Engineering,Galactic Wayfarer,0.6241007194244604,556
Galactic Wayfarer,Eusocial Engineering,0.6241007194244604,556
Cryogen Relic,Divert Disaster,0.6123188405797102,552
Divert Disaster,Cryogen Relic,0.6123188405797102,552
Cryogen Relic,Lost in Space,0.6173020527859238,682
Lost in Space,Cryogen Relic,0.6173020527859238,682
Cryogen Relic,Specimen Freighter,0.6414473684210527,608
Specimen Freighter,Cryogen Relic,0.6414473684210527,608
Drix Fatemaker,Gene Pollinator,0.587248322147651,894
Gene Pollinator,Drix Fatemaker,0.587248322147651,894
Eumidian Terrabotanist,Gene Pollinator,0.6127886323268206,563
Gene Pollinator,Eumidian Terrabotanist,0.6127886323268206,563
Biosynthic Burst,Drix Fatemaker,0.5903614457831325,664
Drix Fatemaker,Biosynthic Burst,0.5903614457831325,664
Biosynthic Burst,Germinating Wurm,0.616692426584235,647
Germinating Wurm,Biosynthic Burst,0.616692426584235,647
Diplomatic Relations,Germinating Wurm,0.6189967982924226,937
Germinating Wurm,Diplomatic Relations,0.6189967982924226,937
Banishing Light,Starfighter Pilot,0.6292237442922375,1095
Starfighter Pilot,Banishing Light,0.6292237442922375,1095
Banishing Light,Starport Security,0.6069469835466179,547
Starport Security,Banishing Light,0.6069469835466179,547
Banishing Light,Virus Beetle,0.6282722513089005,573
Virus Beetle,Banishing Light,0.6282722513089005,573
Banishing Light,Weftblade Enhancer,0.6145952109464082,877
Weftblade Enhancer,Banishing Light,0.6145952109464082,877
Starfighter Pilot,Weftblade Enhancer,0.5763888888888888,576
Weftblade Enhancer,Starfighter Pilot,0.5763888888888888,576
Radiant Strike,Starfighter Pilot,0.597758405977584,803
Starfighter Pilot,Radiant Strike,0.597758405977584,803
Banishing Light,Starfield Shepherd,0.65406162464986,714
Starfield Shepherd,Banishing Light,0.65406162464986,714
Focus Fire,Radiant Strike,0.6161369193154034,818
Radiant Strike,Focus Fire,0.6161369193154034,818
Focus Fire,Starfield Shepherd,0.6505376344086021,558
Starfield Shepherd,Focus Fire,0.6505376344086021,558
Lost in Space,Mechanozoa,0.5929054054054054,592
Mechanozoa,Lost in Space,0.5929054054054054,592
Auxiliary Boosters,Banishing Light,0.6079346557759626,857
Banishing Light,Auxiliary Boosters,0.6079346557759626,857
Auxiliary Boosters,Focus Fire,0.6003316749585407,603
Focus Fire,Auxiliary Boosters,0.6003316749585407,603
Focus Fire,Weftblade Enhancer,0.61794500723589,691
Weftblade Enhancer,Focus Fire,0.61794500723589,691
Banishing Light,Gravkill,0.6087591240875913,685
Gravkill,Banishing Light,0.6087591240875913,685
Focus Fire,Starfighter Pilot,0.6340579710144928,828
Starfighter Pilot,Focus Fire,0.6340579710144928,828
Gravkill,Voidforged Titan,0.5945205479452055,730
Voidforged Titan,Gravkill,0.5945205479452055,730
Auxiliary Boosters,Starfighter Pilot,0.5924006908462867,579
Starfighter Pilot,Auxiliary Boosters,0.5924006908462867,579
Banishing Light,Dockworker Drone,0.5898334794040315,1141
Dockworker Drone,Banishing Light,0.5898334794040315,1141
Dockworker Drone,Focus Fire,0.6135321100917431,872
Focus Fire,Dockworker Drone,0.6135321100917431,872
Dockworker Drone,Starport Security,0.56640625,512
Starport Security,Dockworker Drone,0.56640625,512
Banishing Light,Emergency Eject,0.5841584158415841,505
Emergency Eject,Banishing Light,0.5841584158415841,505
Beamsaw Prospector,Decode Transmissions,0.5662650602409639,664
Decode Transmissions,Beamsaw Prospector,0.5662650602409639,664
Beamsaw Prospector,Dubious Delicacy,0.6117103235747303,649
Dubious Delicacy,Beamsaw Prospector,0.6117103235747303,649
Beamsaw Prospector,Perigee Beckoner,0.5896510228640193,831
Perigee Beckoner,Beamsaw Prospector,0.5896510228640193,831
Embrace Oblivion,Perigee Beckoner,0.6243243243243243,740
Perigee Beckoner,Embrace Oblivion,0.6243243243243243,740
Embrace Oblivion,Tragic Trajectory,0.5316698656429942,521
Tragic Trajectory,Embrace Oblivion,0.5316698656429942,521
Hullcarver,Monoist Circuit-Feeder,0.6064981949458483,554
Monoist Circuit-Feeder,Hullcarver,0.6064981949458483,554
Biosynthic Burst,Gene Pollinator,0.608955223880597,670
Gene Pollinator,Biosynthic Burst,0.608955223880597,670
Blooming Stinger,Gene Pollinator,0.6059933407325194,901
Gene Pollinator,Blooming Stinger,0.6059933407325194,901
Gene Pollinator,Thawbringer,0.5759075907590759,606
Thawbringer,Gene Pollinator,0.5759075907590759,606
Blooming Stinger,Gravkill,0.5870307167235495,586
Gravkill,Blooming Stinger,0.5870307167235495,586
Blooming Stinger,Glacier Godmaw,0.6283018867924528,530
Glacier Godmaw,Blooming Stinger,0.6283018867924528,530
Depressurize,Orbital Plunge,0.6381322957198443,514
Orbital Plunge,Depressurize,0.6381322957198443,514
Gene Pollinator,Glacier Godmaw,0.6582278481012658,632
Glacier Godmaw,Gene Pollinator,0.6582278481012658,632
Gene Pollinator,Orbital Plunge,0.5982608695652174,575
Orbital Plunge,Gene Pollinator,0.5982608695652174,575
Nebula Dragon,Orbital Plunge,0.6349206349206349,567
Orbital Plunge,Nebula Dragon,0.6349206349206349,567
Orbital Plunge,Oreplate Pangolin,0.5659722222222222,864
Oreplate Pangolin,Orbital Plunge,0.5659722222222222,864
Gravkill,Nutrient Block,0.6297640653357531,551
Nutrient Block,Gravkill,0.6297640653357531,551
Gravkill,Orbital Plunge,0.6105072463768116,552
Orbital Plunge,Gravkill,0.6105072463768116,552
Gravkill,Monoist Circuit-Feeder,0.6348484848484849,660
Monoist Circuit-Feeder,Gravkill,0.6348484848484849,660
Eumidian Terrabotanist,Galactic Wayfarer,0.6171875,640
Galactic Wayfarer,Eumidian Terrabotanist,0.6171875,640
Pinnacle Kill-Ship,Selfcraft Mechan,0.6194174757281553,515
Selfcraft Mechan,Pinnacle Kill-Ship,0.6194174757281553,515
Selfcraft Mechan,Starbreach Whale,0.5679862306368331,581
Starbreach Whale,Selfcraft Mechan,0.5679862306368331,581
Cryogen Relic,Embrace Oblivion,0.6394927536231884,552
Embrace Oblivion,Cryogen Relic,0.6394927536231884,552
Cryogen Relic,Selfcraft Mechan,0.6473384030418251,1052
Selfcraft Mechan,Cryogen Relic,0.6473384030418251,1052
Embrace Oblivion,Voidforged Titan,0.5992578849721707,539
Voidforged Titan,Embrace Oblivion,0.5992578849721707,539
Mechanozoa,Selfcraft Mechan,0.6213183730715287,713
Selfcraft Mechan,Mechanozoa,0.6213183730715287,713
Cryogen Relic,Illvoi Infiltrator,0.6038461538461538,520
Illvoi Infiltrator,Cryogen Relic,0.6038461538461538,520
Melded Moxite,Plasma Bolt,0.6051051051051051,666
Plasma Bolt,Melded Moxite,0.6051051051051051,666
Kav Landseeker,Zookeeper Mechan,0.6094527363184079,804
Zookeeper Mechan,Kav Landseeker,0.6094527363184079,804
Melded Moxite,Zookeeper Mechan,0.6208791208791209,728
Zookeeper Mechan,Melded Moxite,0.6208791208791209,728
Pinnacle Kill-Ship,Zookeeper Mechan,0.5928449744463373,587
Zookeeper Mechan,Pinnacle Kill-Ship,0.5928449744463373,587
Embrace Oblivion,Hullcarver,0.5714285714285714,875
Hullcarver,Embrace Oblivion,0.5714285714285714,875
Diplomatic Relations,Eumidian Terrabotanist,0.5964285714285714,560
Eumidian Terrabotanist,Diplomatic Relations,0.5964285714285714,560
Diplomatic Relations,Gravkill,0.5559380378657487,581
Gravkill,Diplomatic Relations,0.5559380378657487,581
Diplomatic Relations,Orbital Plunge,0.6367112810707457,523
Orbital Plunge,Diplomatic Relations,0.6367112810707457,523
Orbital Plunge,Virus Beetle,0.5941747572815534,515
Virus Beetle,Orbital Plunge,0.5941747572815534,515
Monoist Circuit-Feeder,Virus Beetle,0.6275752773375595,631
Virus Beetle,Monoist Circuit-Feeder,0.6275752773375595,631
Beamsaw Prospector,Monoist Circuit-Feeder,0.6215780998389694,621
Monoist Circuit-Feeder,Beamsaw Prospector,0.6215780998389694,621
Gene Pollinator,Harmonious Grovestrider,0.6164122137404581,524
Harmonious Grovestrider,Gene Pollinator,0.6164122137404581,524
Diplomatic Relations,Gene Pollinator,0.617208077260755,1139
Gene Pollinator,Diplomatic Relations,0.617208077260755,1139
Diplomatic Relations,Intrepid Tenderfoot,0.5790671217292378,879
Intrepid Tenderfoot,Diplomatic Relations,0.5790671217292378,879
Galactic Wayfarer,Intrepid Tenderfoot,0.5825545171339563,963
Intrepid Tenderfoot,Galactic Wayfarer,0.5825545171339563,963
Intrepid Tenderfoot,Pinnacle Kill-Ship,0.592814371257485,501
Pinnacle Kill-Ship,Intrepid Tenderfoot,0.592814371257485,501
Galactic Wayfarer,Orbital Plunge,0.639269406392694,657
Orbital Plunge,Galactic Wayfarer,0.639269406392694,657
Orbital Plunge,Pinnacle Kill-Ship,0.6227208976157083,713
Pinnacle Kill-Ship,Orbital Plunge,0.6227208976157083,713
Orbital Plunge,Slagdrill Scrapper,0.5828677839851024,537
Slagdrill Scrapper,Orbital Plunge,0.5828677839851024,537
Gravkill,Susurian Dirgecraft,0.6527545909849749,599
Susurian Dirgecraft,Gravkill,0.6527545909849749,599
Gravkill,Wurmwall Sweeper,0.6174863387978142,549
Wurmwall Sweeper,Gravkill,0.6174863387978142,549
Orbital Plunge,Terrapact Intimidator,0.6578538102643857,643
Terrapact Intimidator,Orbital Plunge,0.6578538102643857,643
Gene Pollinator,Pinnacle Kill-Ship,0.6096324461343473,789
Pinnacle Kill-Ship,Gene Pollinator,0.6096324461343473,789
Cryogen Relic,Starbreach Whale,0.5805194805194805,770
Starbreach Whale,Cryogen Relic,0.5805194805194805,770
Gravpack Monoist,Swarm Culler,0.5905612244897959,784
Swarm Culler,Gravpack Monoist,0.5905612244897959,784
Cryogen Relic,Cryoshatter,0.6203208556149733,1122
Cryoshatter,Cryogen Relic,0.6203208556149733,1122
Cryogen Relic,Mechan Shieldmate,0.5892193308550185,538
Mechan Shieldmate,Cryogen Relic,0.5892193308550185,538
Embrace Oblivion,Pinnacle Kill-Ship,0.6024518388791593,571
Pinnacle Kill-Ship,Embrace Oblivion,0.6024518388791593,571
Embrace Oblivion,Swarm Culler,0.5990639625585024,641
Swarm Culler,Embrace Oblivion,0.5990639625585024,641
Elegy Acolyte,Gravkill,0.6818181818181818,506
Gravkill,Elegy Acolyte,0.6818181818181818,506
Gravkill,Swarm Culler,0.5803680981595092,815
Swarm Culler,Gravkill,0.5803680981595092,815
Edge Rover,Gene Pollinator,0.6006600660066007,606
Gene Pollinator,Edge Rover,0.6006600660066007,606
Gene Pollinator,Intrepid Tenderfoot,0.5837628865979382,776
Intrepid Tenderfoot,Gene Pollinator,0.5837628865979382,776
Gene Pollinator,Meltstrider's Resolve,0.6358595194085028,541
Meltstrider's Resolve,Gene Pollinator,0.6358595194085028,541
Intrepid Tenderfoot,Sami's Curiosity,0.5491803278688525,610
Sami's Curiosity,Intrepid Tenderfoot,0.5491803278688525,610
Orbital Plunge,Zookeeper Mechan,0.6117533718689788,1038
Zookeeper Mechan,Orbital Plunge,0.6117533718689788,1038
Beamsaw Prospector,Faller's Faithful,0.6224,625
Faller's Faithful,Beamsaw Prospector,0.6224,625
Dockworker Drone,Rayblade Trooper,0.5973282442748091,524
Rayblade Trooper,Dockworker Drone,0.5973282442748091,524
Embrace Oblivion,Faller's Faithful,0.5950704225352113,568
Faller's Faithful,Embrace Oblivion,0.5950704225352113,568
Broodguard Elite,Galactic Wayfarer,0.5884476534296029,554
Galactic Wayfarer,Broodguard Elite,0.5884476534296029,554
Close Encounter,Galactic Wayfarer,0.6241496598639455,588
Galactic Wayfarer,Close Encounter,0.6241496598639455,588
Galactic Wayfarer,Glacier Godmaw,0.6559571619812584,747
Glacier Godmaw,Galactic Wayfarer,0.6559571619812584,747
Blooming Stinger,Intrepid Tenderfoot,0.5991620111731844,716
Intrepid Tenderfoot,Blooming Stinger,0.5991620111731844,716
Kav Landseeker,Orbital Plunge,0.6168757126567845,877
Orbital Plunge,Kav Landseeker,0.6168757126567845,877
Melded Moxite,Orbital Plunge,0.6132450331125828,755
Orbital Plunge,Melded Moxite,0.6132450331125828,755
Kavaron Turbodrone,Oreplate Pangolin,0.5429141716566867,501
Oreplate Pangolin,Kavaron Turbodrone,0.5429141716566867,501
Oreplate Pangolin,Slagdrill Scrapper,0.5528942115768463,501
Slagdrill Scrapper,Oreplate Pangolin,0.5528942115768463,501
Kavaron Turbodrone,Zookeeper Mechan,0.5689320388349515,515
Zookeeper Mechan,Kavaron Turbodrone,0.5689320388349515,515
Oreplate Pangolin,Zookeeper Mechan,0.5613810741687979,782
Zookeeper Mechan,Oreplate Pangolin,0.5613810741687979,782
Slagdrill Scrapper,Zookeeper Mechan,0.6135922330097088,515
Zookeeper Mechan,Slagdrill Scrapper,0.6135922330097088,515
Banishing Light,Dauntless Scrapbot,0.6578449905482041,529
Dauntless Scrapbot,Banishing Light,0.6578449905482041,529
Dauntless Scrapbot,Gravkill,0.6032934131736527,668
Gravkill,Dauntless Scrapbot,0.6032934131736527,668
Banishing Light,Pinnacle Kill-Ship,0.6213740458015267,655
Pinnacle Kill-Ship,Banishing Light,0.6213740458015267,655
Decode Transmissions,Gravpack Monoist,0.5747126436781609,696
Gravpack Monoist,Decode Transmissions,0.5747126436781609,696
Gravpack Monoist,Umbral Collar Zealot,0.6006441223832528,621
Umbral Collar Zealot,Gravpack Monoist,0.6006441223832528,621
Gravpack Monoist,Voidforged Titan,0.5473321858864028,581
Voidforged Titan,Gravpack Monoist,0.5473321858864028,581
Gravpack Monoist,Hullcarver,0.5721757322175732,956
Hullcarver,Gravpack Monoist,0.5721757322175732,956
Cryogen Relic,Tractor Beam,0.66721044045677,613
Tractor Beam,Cryogen Relic,0.66721044045677,613
Invasive Maneuvers,Orbital Plunge,0.5942028985507246,552
Orbital Plunge,Invasive Maneuvers,0.5942028985507246,552
Orbital Plunge,Plasma Bolt,0.6076759061833689,938
Plasma Bolt,Orbital Plunge,0.6076759061833689,938
Banishing Light,Dawnstrike Vanguard,0.6003717472118959,538
Dawnstrike Vanguard,Banishing Light,0.6003717472118959,538
Oreplate Pangolin,Plasma Bolt,0.563855421686747,830
Plasma Bolt,Oreplate Pangolin,0.563855421686747,830
Depressurize,Galactic Wayfarer,0.6042003231017771,619
Galactic Wayfarer,Depressurize,0.6042003231017771,619
Galactic Wayfarer,Virus Beetle,0.5529411764705883,510
Virus Beetle,Galactic Wayfarer,0.5529411764705883,510
Blooming Stinger,Meltstrider's Resolve,0.6272189349112426,507
Meltstrider's Resolve,Blooming Stinger,0.6272189349112426,507
Diplomatic Relations,Meltstrider's Resolve,0.622568093385214,514
Meltstrider's Resolve,Diplomatic Relations,0.622568093385214,514
Blooming Stinger,Larval Scoutlander,0.5883495145631068,515
Larval Scoutlander,Blooming Stinger,0.5883495145631068,515
Diplomatic Relations,Icecave Crasher,0.6088888888888889,675
Icecave Crasher,Diplomatic Relations,0.6088888888888889,675
Gene Pollinator,Icecave Crasher,0.5887445887445888,693
Icecave Crasher,Gene Pollinator,0.5887445887445888,693
Gene Pollinator,Larval Scoutlander,0.6014625228519196,547
Larval Scoutlander,Gene Pollinator,0.6014625228519196,547
Gene Pollinator,Germinating Wurm,0.6166666666666667,840
Germinating Wurm,Gene Pollinator,0.6166666666666667,840
Bombard,Invasive Maneuvers,0.5576208178438662,538
Invasive Maneuvers,Bombard,0.5576208178438662,538
Perigee Beckoner,Swarm Culler,0.5872420262664165,533
Swarm Culler,Perigee Beckoner,0.5872420262664165,533
Command Bridge,Gene Pollinator,0.5890257558790594,893
Gene Pollinator,Command Bridge,0.5890257558790594,893
Command Bridge,Intrepid Tenderfoot,0.5659340659340659,546
Intrepid Tenderfoot,Command Bridge,0.5659340659340659,546
Drix Fatemaker,Intrepid Tenderfoot,0.5382585751978892,758
Intrepid Tenderfoot,Drix Fatemaker,0.5382585751978892,758
Radiant Strike,Weftblade Enhancer,0.5768595041322314,605
Weftblade Enhancer,Radiant Strike,0.5768595041322314,605
Command Bridge,Orbital Plunge,0.5975903614457831,830
Orbital Plunge,Command Bridge,0.5975903614457831,830
Command Bridge,Plasma Bolt,0.566066066066066,666
Plasma Bolt,Command Bridge,0.566066066066066,666
Banishing Light,Cryogen Relic,0.649402390438247,502
Cryogen Relic,Banishing Light,0.649402390438247,502
Banishing Light,Knight Luminary,0.6486042692939245,1218
Knight Luminary,Banishing Light,0.6486042692939245,1218
Knight Luminary,Starfield Shepherd,0.6479591836734694,588
Starfield Shepherd,Knight Luminary,0.6479591836734694,588
Faller's Faithful,Virus Beetle,0.6341107871720116,686
Virus Beetle,Faller's Faithful,0.6341107871720116,686
Banishing Light,Sunstar Lightsmith,0.623688155922039,667
Sunstar Lightsmith,Banishing Light,0.623688155922039,667
Drix Fatemaker,Seedship Agrarian,0.580952380952381,525
Seedship Agrarian,Drix Fatemaker,0.580952380952381,525
Galactic Wayfarer,Seedship Agrarian,0.6045272969374168,751
Seedship Agrarian,Galactic Wayfarer,0.6045272969374168,751
Embrace Oblivion,Monoist Circuit-Feeder,0.5748502994011976,501
Monoist Circuit-Feeder,Embrace Oblivion,0.5748502994011976,501
Gravkill,Zookeeper Mechan,0.593320235756385,509
Zookeeper Mechan,Gravkill,0.593320235756385,509
Knight Luminary,Starfighter Pilot,0.5981308411214953,856
Starfighter Pilot,Knight Luminary,0.5981308411214953,856
Bombard,Plasma Bolt,0.5799086757990868,876
Plasma Bolt,Bombard,0.5799086757990868,876
Germinating Wurm,Intrepid Tenderfoot,0.5658465991316932,691
Intrepid Tenderfoot,Germinating Wurm,0.5658465991316932,691
Glacier Godmaw,Sami's Curiosity,0.6324110671936759,506
Sami's Curiosity,Glacier Godmaw,0.6324110671936759,506
Exosuit Savior,Knight Luminary,0.5824817518248175,685
Knight Luminary,Exosuit Savior,0.5824817518248175,685
Bombard,Command Bridge,0.5829725829725829,693
Command Bridge,Bombard,0.5829725829725829,693
Command Bridge,Zookeeper Mechan,0.5339966832504146,603
Zookeeper Mechan,Command Bridge,0.5339966832504146,603
Gene Pollinator,Seedship Agrarian,0.6373429084380611,557
Seedship Agrarian,Gene Pollinator,0.6373429084380611,557
Icecave Crasher,Intrepid Tenderfoot,0.5683690280065898,607
Intrepid Tenderfoot,Icecave Crasher,0.5683690280065898,607
Banishing Light,Blooming Stinger,0.631484794275492,559
Blooming Stinger,Banishing Light,0.631484794275492,559
All-Fates Stalker,Dockworker Drone,0.6026119402985075,536
Dockworker Drone,All-Fates Stalker,0.6026119402985075,536
Kavaron Turbodrone,Orbital Plunge,0.6067864271457086,501
Orbital Plunge,Kavaron Turbodrone,0.6067864271457086,501
Command Bridge,Embrace Oblivion,0.5584415584415584,693
Embrace Oblivion,Command Bridge,0.5584415584415584,693
Depressurize,Faller's Faithful,0.6344827586206897,725
Faller's Faithful,Depressurize,0.6344827586206897,725
Biosynthic Burst,Galactic Wayfarer,0.5899198167239404,873
Galactic Wayfarer,Biosynthic Burst,0.5899198167239404,873
Command Bridge,Sami's Curiosity,0.5625879043600562,711
Sami's Curiosity,Command Bridge,0.5625879043600562,711
Pinnacle Kill-Ship,Sami's Curiosity,0.6241496598639455,588
Sami's Curiosity,Pinnacle Kill-Ship,0.6241496598639455,588
Faller's Faithful,Gravpack Monoist,0.6295652173913043,575
Gravpack Monoist,Faller's Faithful,0.6295652173913043,575
Pinnacle Kill-Ship,Radiant Strike,0.6314779270633397,521
Radiant Strike,Pinnacle Kill-Ship,0.6314779270633397,521
Diplomatic Relations,Glacier Godmaw,0.636518771331058,586
Glacier Godmaw,Diplomatic Relations,0.636518771331058,586
Knight Luminary,Sunstar Lightsmith,0.654296875,512
Sunstar Lightsmith,Knight Luminary,0.654296875,512
Banishing Light,Drix Fatemaker,0.572265625,512
Drix Fatemaker,Banishing Light,0.572265625,512
Banishing Light,Galactic Wayfarer,0.6294027565084227,653
Galactic Wayfarer,Banishing Light,0.6294027565084227,653
Galactic Wayfarer,Meltstrider's Resolve,0.6362098138747885,591
Meltstrider's Resolve,Galactic Wayfarer,0.6362098138747885,591
Kavaron Turbodrone,Plasma Bolt,0.5722433460076045,526
Plasma Bolt,Kavaron Turbodrone,0.5722433460076045,526
Biosynthic Burst,Intrepid Tenderfoot,0.5505226480836237,574
Intrepid Tenderfoot,Biosynthic Burst,0.5505226480836237,574
Intrepid Tenderfoot,Thawbringer,0.5862745098039216,510
Thawbringer,Intrepid Tenderfoot,0.5862745098039216,510
Banishing Light,Wurmwall Sweeper,0.6601178781925344,509
Wurmwall Sweeper,Banishing Light,0.6601178781925344,509
All-Fates Stalker,Knight Luminary,0.6637478108581436,571
Knight Luminary,All-Fates Stalker,0.6637478108581436,571
Command Bridge,Dubious Delicacy,0.6225045372050817,551
Dubious Delicacy,Command Bridge,0.6225045372050817,551
Command Bridge,Fungal Colossus,0.6068376068376068,585
Fungal Colossus,Command Bridge,0.6068376068376068,585
Invasive Maneuvers,Zookeeper Mechan,0.576,500
Zookeeper Mechan,Invasive Maneuvers,0.576,500
Banishing Light,Diplomatic Relations,0.6228893058161351,533
Diplomatic Relations,Banishing Light,0.6228893058161351,533
Knight Luminary,Radiant Strike,0.6122026887280249,967
Radiant Strike,Knight Luminary,0.6122026887280249,967
Command Bridge,Focus Fire,0.5631578947368421,570
Focus Fire,Command Bridge,0.5631578947368421,570
Command Bridge,Knight Luminary,0.5705882352941176,680
Knight Luminary,Command Bridge,0.5705882352941176,680
Exosuit Savior,Focus Fire,0.6035031847133758,628
Focus Fire,Exosuit Savior,0.6035031847133758,628
Broodguard Elite,Diplomatic Relations,0.5948103792415169,501
Diplomatic Relations,Broodguard Elite,0.5948103792415169,501
Diplomatic Relations,Seedship Agrarian,0.6107692307692307,650
Seedship Agrarian,Diplomatic Relations,0.6107692307692307,650
Gravkill,Umbral Collar Zealot,0.6233183856502242,669
Umbral Collar Zealot,Gravkill,0.6233183856502242,669
Banishing Light,Command Bridge,0.5934718100890207,1011
Command Bridge,Banishing Light,0.5934718100890207,1011
Command Bridge,Diplomatic Relations,0.5941676792223572,823
Diplomatic Relations,Command Bridge,0.5941676792223572,823
Focus Fire,Sunstar Lightsmith,0.6301369863013698,511
Sunstar Lightsmith,Focus Fire,0.6301369863013698,511
Command Bridge,Selfcraft Mechan,0.5912408759124088,548
Selfcraft Mechan,Command Bridge,0.5912408759124088,548
Comet Crawler,Gravpack Monoist,0.5586080586080586,546
Gravpack Monoist,Comet Crawler,0.5586080586080586,546
Drix Fatemaker,Sami's Curiosity,0.5522388059701493,670
Sami's Curiosity,Drix Fatemaker,0.5522388059701493,670
Dubious Delicacy,Gravpack Monoist,0.672106824925816,674
Gravpack Monoist,Dubious Delicacy,0.672106824925816,674
Cloudsculpt Technician,Cryogen Relic,0.6296296296296297,540
Cryogen Relic,Cloudsculpt Technician,0.6296296296296297,540
Command Bridge,Starfighter Pilot,0.5570866141732284,508
Starfighter Pilot,Command Bridge,0.5570866141732284,508
Fungal Colossus,Galactic Wayfarer,0.5962199312714777,582
Galactic Wayfarer,Fungal Colossus,0.5962199312714777,582
Cryogen Relic,Illvoi Operative,0.6129568106312292,602
Illvoi Operative,Cryogen Relic,0.6129568106312292,602
Cryogen Relic,Uthros Psionicist,0.6277227722772277,505
Uthros Psionicist,Cryogen Relic,0.6277227722772277,505
Gravpack Monoist,Perigee Beckoner,0.6324110671936759,759
Perigee Beckoner,Gravpack Monoist,0.6324110671936759,759
Beamsaw Prospector,Orbital Plunge,0.5992292870905588,519
Orbital Plunge,Beamsaw Prospector,0.5992292870905588,519
Command Bridge,Kav Landseeker,0.6242990654205608,535
Kav Landseeker,Command Bridge,0.6242990654205608,535
Cryogen Relic,Uthros Scanship,0.6077669902912621,515
Uthros Scanship,Cryogen Relic,0.6077669902912621,515
